currency,CAD,EUR,GBP
CAD,1.0,0.6987926946305673,0.7853779739526111
EUR,0.6987926946305673,1.0,0.8497448606167268
GBP,0.7853779739526111,0.8497448606167268,1.0
