currency,0
CAD,2.9585798816567976
EUR,-4.591265397536393
GBP,-0.13422818791946067
